{
  "name": "ngGeolocation",
  "version": "0.0.8",
  "author": "Ninjatronic",
  "description": "AngularJS support for HTML5 Geolocation",
  "main": "ngGeolocation.js",
  "ignore": [
    "bower_components/",
    "Gruntfile.js",
    "jasmine.conf.js",
    "ngGeolocation.test.js",
    "package.json",
    ".travis.yml"
  ],
  "contributors": [
    {
      "name": "Pete Martin",
      "email": "pete@ninjatronic.com"
    }
  ],
  "repository": {
    "type": "git",
    "url": "https://github.com/ninjatronic/ngGeolocation.git"
  },
  "dependencies": {
    "angular": ">=1.0.8"
  },
  "devDependencies": {
    "angular": ">=1.0.8",
    "angular-mocks": ">=1.0.8"
  },
  "homepage": "https://github.com/ninjatronic/ngGeolocation",
  "_release": "0.0.8",
  "_resolution": {
    "type": "version",
    "tag": "v0.0.8",
    "commit": "c416316c92b8ae3da83bdf27a0e3378dae504749"
  },
  "_source": "https://github.com/ninjatronic/ngGeolocation.git",
  "_target": ">=0.0.2",
  "_originalSource": "ngGeolocation"
}