{
  "name": "angular-messages",
  "version": "1.6.6",
  "license": "MIT",
  "main": "./angular-messages.js",
  "ignore": [],
  "dependencies": {
    "angular": "1.6.6"
  },
  "homepage": "https://github.com/angular/bower-angular-messages",
  "_release": "1.6.6",
  "_resolution": {
    "type": "version",
    "tag": "v1.6.6",
    "commit": "60132d225f2dc4a788963b1a78fa2e88e21cb178"
  },
  "_source": "https://github.com/angular/bower-angular-messages.git",
  "_target": "^1.4.8",
  "_originalSource": "angular-messages"
}