{
  "name": "angular-material",
  "version": "1.1.5",
  "license": "MIT",
  "ignore": [],
  "dependencies": {
    "angular": "^1.4.8",
    "angular-animate": "^1.4.8",
    "angular-aria": "^1.4.8",
    "angular-messages": "^1.4.8"
  },
  "main": [
    "angular-material.js",
    "angular-material.css"
  ],
  "homepage": "https://github.com/angular/bower-material",
  "_release": "1.1.5",
  "_resolution": {
    "type": "version",
    "tag": "v1.1.5",
    "commit": "571732036559e01141a73b6cab107adff4f17353"
  },
  "_source": "https://github.com/angular/bower-material.git",
  "_target": "^1.1.4",
  "_originalSource": "angular-material"
}